{"GPT-5.5": {"primary": {"SP": 1, "TAR": 0.8666666666666667, "PS": 0.9333333333333333, "OM": 1, "Overall": 0.95, "Precision": 0.9464285714285714, "Sensitivity": 0.9636363636363636, "FPperStudy": 0.2, "N": 15}, "augmented": {"SP": 1, "TAR": 1, "PS": 1, "OM": 1, "Overall": 1.0, "Precision": 1, "Sensitivity": 1, "FPperStudy": 0, "N": 30}}, "GPT-5.4-mini": {"primary": {"SP": 1, "TAR": 0.8, "PS": 1, "OM": 1, "Overall": 0.95, "Precision": 0.9454545454545454, "Sensitivity": 0.9454545454545454, "FPperStudy": 0.2, "N": 15}, "augmented": {"SP": 1, "TAR": 0.6666666666666666, "PS": 0.9666666666666667, "OM": 1, "Overall": 0.9083333333333333, "Precision": 0.9043478260869565, "Sensitivity": 0.9043478260869565, "FPperStudy": 0.36666666666666664, "N": 30}}, "Gemini-3.1-Pro": {"primary": {"SP": 1, "TAR": 0.9333333333333333, "PS": 0.9333333333333333, "OM": 1, "Overall": 0.9666666666666667, "Precision": 0.9642857142857143, "Sensitivity": 0.9818181818181818, "FPperStudy": 0.13333333333333333, "N": 15}, "augmented": {"SP": 1, "TAR": 1, "PS": 0.9666666666666667, "OM": 1, "Overall": 0.9916666666666667, "Precision": 0.9829059829059829, "Sensitivity": 1, "FPperStudy": 0.06666666666666667, "N": 30}}, "Gemini-3.1-Flash-Lite": {"primary": {"SP": 1, "TAR": 0.8, "PS": 1, "OM": 1, "Overall": 0.95, "Precision": 0.9454545454545454, "Sensitivity": 0.9454545454545454, "FPperStudy": 0.2, "N": 15}, "augmented": {"SP": 0.9666666666666667, "TAR": 0.7, "PS": 0.9333333333333333, "OM": 1, "Overall": 0.8999999999999999, "Precision": 0.8974358974358975, "Sensitivity": 0.9130434782608695, "FPperStudy": 0.4, "N": 30}}, "Claude-opus-4.8": {"primary": {"SP": 1, "TAR": 0.7333333333333333, "PS": 1, "OM": 1, "Overall": 0.9333333333333333, "Precision": 0.9272727272727272, "Sensitivity": 0.9272727272727272, "FPperStudy": 0.26666666666666666, "N": 15}, "augmented": {"SP": 1, "TAR": 0.9666666666666667, "PS": 1, "OM": 1, "Overall": 0.9916666666666667, "Precision": 0.991304347826087, "Sensitivity": 0.991304347826087, "FPperStudy": 0.03333333333333333, "N": 30}}, "Claude-haiku-4.5": {"primary": {"SP": 1, "TAR": 0.8, "PS": 1, "OM": 1, "Overall": 0.95, "Precision": 0.9454545454545454, "Sensitivity": 0.9454545454545454, "FPperStudy": 0.2, "N": 15}, "augmented": {"SP": 1, "TAR": 0.8666666666666667, "PS": 0.9666666666666667, "OM": 1, "Overall": 0.9583333333333334, "Precision": 0.9565217391304348, "Sensitivity": 0.9565217391304348, "FPperStudy": 0.16666666666666666, "N": 30}}, "DeepSeek-V4-Pro": {"primary": {"SP": 1, "TAR": 0.7333333333333333, "PS": 1, "OM": 1, "Overall": 0.9333333333333333, "Precision": 0.9272727272727272, "Sensitivity": 0.9272727272727272, "FPperStudy": 0.26666666666666666, "N": 15}, "augmented": {"SP": 0.9333333333333333, "TAR": 0.9333333333333333, "PS": 0.9333333333333333, "OM": 1, "Overall": 0.95, "Precision": 0.9565217391304348, "Sensitivity": 0.9565217391304348, "FPperStudy": 0.16666666666666666, "N": 30}}, "DeepSeek-V4-Flash": {"primary": {"SP": 1, "TAR": 0.8, "PS": 1, "OM": 1, "Overall": 0.95, "Precision": 0.9454545454545454, "Sensitivity": 0.9454545454545454, "FPperStudy": 0.2, "N": 15}, "augmented": {"SP": 0.9666666666666667, "TAR": 0.8333333333333334, "PS": 0.9666666666666667, "OM": 1, "Overall": 0.9416666666666667, "Precision": 0.9473684210526315, "Sensitivity": 0.9391304347826087, "FPperStudy": 0.2, "N": 30}}}